{"cameraMode":{"drawMode":0,"name":"Shaded","section":"Shading Mode"},"sceneLighting":false,"audioPlay":false,"sceneViewState":{"m_AlwaysRefresh":false,"showFog":true,"showSkybox":false,"showFlares":true,"showImageEffects":true,"showParticleSystems":true,"showVisualEffectGraphs":true,"m_FxEnabled":true},"in2DMode":false,"pivot":{"x":0.3492887020111084,"y":1.8354398012161255,"z":0.11752665042877197},"rotation":{"x":-0.14020878076553346,"y":-0.5703076720237732,"z":0.09954578429460526,"w":-0.8032534122467041},"size":2.2896840572357179,"orthographic":false}